disease_a,disease_b,mean_profile_difference,similar_symptoms_within_10_percent
Depression,Flu,0.041871752942627745,152
Chronic_Kidney_Disease,Cystic_Fibrosis,0.04639140577576761,156
Cystic_Fibrosis,Irritable_Bowel_Syndrome,0.04650295847067586,153
Hypertension,Hypothyroidism,0.046569770386261373,150
Chronic_Kidney_Disease,Pneumonia,0.046770117112001644,149
Flu,Osteoarthritis,0.04683557611438183,150
Hyperthyroidism,Irritable_Bowel_Syndrome,0.04813051371366194,147
COPD,Hyperthyroidism,0.048402745603143844,151
COVID19,Osteoarthritis,0.049673721961829204,147
Irritable_Bowel_Syndrome,Obesity,0.05035599751392855,149
Asthma,Type2_Diabetes,0.05094698400467191,140
Cystic_Fibrosis,Pneumonia,0.05152243163164092,145
COVID19,Chronic_Kidney_Disease,0.05246511853935152,142
Hypertension,Marfan_Syndrome,0.0535147077969505,145
Cystic_Fibrosis,Hyperthyroidism,0.053570576113990534,147
COPD,Depression,0.05388942466519551,140
COVID19,Marfan_Syndrome,0.05451333223765851,139
Depression,Osteoarthritis,0.05482041865741777,140
Asthma,Irritable_Bowel_Syndrome,0.05549582275175713,137
Coronary_Artery_Disease,Gastritis,0.05569947349765128,133
COVID19,Peptic_Ulcer_Disease,0.05617853182546923,146
COVID19,Pneumonia,0.056781517016855854,130
Chronic_Kidney_Disease,Osteoarthritis,0.056873443041948996,131
COVID19,Cystic_Fibrosis,0.05715956206749,144
Amyotrophic_Lateral_Sclerosis,Depression,0.0575904163385778,142
Cystic_Fibrosis,Osteoarthritis,0.05785269888507903,136
Amyotrophic_Lateral_Sclerosis,Irritable_Bowel_Syndrome,0.058174575573789064,142
Depression,Osteopetrosis,0.05822352718513643,143
Chronic_Kidney_Disease,Marfan_Syndrome,0.05925465687634508,141
Cystic_Fibrosis,Obesity,0.05935428886358752,136
Irritable_Bowel_Syndrome,Osteoarthritis,0.05948554924463678,125
COPD,Cystic_Fibrosis,0.0597842684151649,138
Hypertension,Polycystic_Ovary_Syndrome,0.06047231335058734,135
Common_Cold,Obesity,0.06048650441802948,135
Migraine,Spinal_Muscular_Atrophy,0.06052689110791625,141
COVID19,Hypertension,0.06071741534588357,134
Chronic_Kidney_Disease,Gastritis,0.060975594030565225,132
Depression,Irritable_Bowel_Syndrome,0.061090121054689826,131
Gastritis,Hyperthyroidism,0.06121802669520627,135
Coronary_Artery_Disease,Hypothyroidism,0.06134261898144981,135
Marfan_Syndrome,Osteoarthritis,0.06157390469221622,138
Coronary_Artery_Disease,Migraine,0.06238722285124977,135
COPD,Osteopetrosis,0.06263530855931257,142
COPD,Hypertension,0.06268341555903688,130
COVID19,Type2_Diabetes,0.06286812965226148,139
COPD,COVID19,0.06321747274205056,134
COPD,Irritable_Bowel_Syndrome,0.06365682478940136,126
Irritable_Bowel_Syndrome,Osteopetrosis,0.06381447146314907,132
Flu,Irritable_Bowel_Syndrome,0.06393170614054317,125
Common_Cold,Pneumonia,0.0639613183373838,131
Asthma,Cystic_Fibrosis,0.06411093992286523,131
Amyotrophic_Lateral_Sclerosis,Osteopetrosis,0.06430284857571214,146
Common_Cold,Hypertension,0.06443097516208501,135
Pneumonia,Type2_Diabetes,0.0647533449646357,121
COVID19,Gastritis,0.06539313306157678,130
Amyotrophic_Lateral_Sclerosis,COPD,0.06541848008034817,129
Amyotrophic_Lateral_Sclerosis,Obesity,0.06570904156988104,140
Chronic_Kidney_Disease,Common_Cold,0.0657121911745265,118
Chronic_Kidney_Disease,Hypertension,0.0659240770268642,125
COPD,Osteoarthritis,0.06592681011085559,126
Amyotrophic_Lateral_Sclerosis,Hyperthyroidism,0.06598759985411592,132
COVID19,Flu,0.06603986615152256,137
Asthma,Hyperthyroidism,0.06612251714175721,119
Depression,Ehlers_Danlos_Syndrome,0.0662410384280788,129
Gastritis,Hypertension,0.06626786418968254,139
Hypothyroidism,Migraine,0.06645513413281438,128
Hypothyroidism,Polycystic_Ovary_Syndrome,0.06645702918522392,120
Chronic_Kidney_Disease,Irritable_Bowel_Syndrome,0.06648281519000582,125
Hypertension,Osteoarthritis,0.06669346784651237,133
COPD,Hypothyroidism,0.06681454288979052,126
Cystic_Fibrosis,Type2_Diabetes,0.06746816042348705,126
COPD,Coronary_Artery_Disease,0.06805256497122623,126
COPD,Ehlers_Danlos_Syndrome,0.06811879254547483,138
Cystic_Fibrosis,Marfan_Syndrome,0.0681426002726139,126
Depression,Obesity,0.06814321946413805,122
Common_Cold,Hypothyroidism,0.06829948864950516,132
Hypertension,Hyperthyroidism,0.06854897863355243,128
COVID19,Polycystic_Ovary_Syndrome,0.06865988224732733,121
Amyotrophic_Lateral_Sclerosis,Flu,0.06874377561509605,126
Flu,Osteopetrosis,0.06902501130387187,128
COPD,Chronic_Kidney_Disease,0.06943518437250608,122
Cystic_Fibrosis,Hypertension,0.0694812539011641,127
Ehlers_Danlos_Syndrome,Irritable_Bowel_Syndrome,0.06958406740883133,127
Chronic_Kidney_Disease,Hyperthyroidism,0.06989257296252933,124
COPD,Obesity,0.06990259537299406,119
Marfan_Syndrome,Polycystic_Ovary_Syndrome,0.06994997669789584,122
COVID19,Hypothyroidism,0.06999314514961513,128
Depression,Hypertension,0.07008119001712369,131
Gastritis,Hypothyroidism,0.07008213722594196,124
Obesity,Osteoarthritis,0.07053386755856586,117
Asthma,Pneumonia,0.07095634898584198,112
Hyperthyroidism,Obesity,0.07100180990804227,126
Chronic_Kidney_Disease,Obesity,0.07125238642213283,110
Peptic_Ulcer_Disease,Pneumonia,0.07128178560078217,124
Common_Cold,Cystic_Fibrosis,0.07133449233758267,125
COVID19,Hyperthyroidism,0.07143218469475385,120
Asthma,COVID19,0.0714339031763617,123
Peptic_Ulcer_Disease,Type2_Diabetes,0.07166371543476995,128
Coronary_Artery_Disease,Hypertension,0.07203225679140722,125
Hyperthyroidism,Osteopetrosis,0.0723553153171251,121
Amyotrophic_Lateral_Sclerosis,Ehlers_Danlos_Syndrome,0.07238505747126436,133
Osteoarthritis,Peptic_Ulcer_Disease,0.07248632346988881,128
Ehlers_Danlos_Syndrome,Hypertension,0.07250861894492948,127
Asthma,Chronic_Kidney_Disease,0.07274346494378213,125
Amyotrophic_Lateral_Sclerosis,Migraine,0.07275886681926702,128
COPD,Spinal_Muscular_Atrophy,0.07284687895914978,120
Common_Cold,Migraine,0.07296118271839017,138
Hypertension,Migraine,0.07299668540972802,118
COVID19,Irritable_Bowel_Syndrome,0.07300795478103518,116
Irritable_Bowel_Syndrome,Type2_Diabetes,0.07302353342817365,112
COPD,Flu,0.07332308567478042,116
Flu,Hypertension,0.07341995999751288,125
Amyotrophic_Lateral_Sclerosis,Osteoarthritis,0.07350968277587286,123
Hypothyroidism,Marfan_Syndrome,0.07375213984992258,126
Gastritis,Marfan_Syndrome,0.07381724782866507,128
Osteoarthritis,Pneumonia,0.07418931615733548,118
Chronic_Kidney_Disease,Depression,0.07423392447336903,120
Obesity,Pneumonia,0.07426424792016624,123
Cystic_Fibrosis,Ehlers_Danlos_Syndrome,0.07450822353051118,127
Cystic_Fibrosis,Gastritis,0.07453198522249738,124
Gastritis,Pneumonia,0.07465601435867528,114
Irritable_Bowel_Syndrome,Pneumonia,0.07466191218572557,126
Ehlers_Danlos_Syndrome,Osteoarthritis,0.07473780308094857,125
COVID19,Coronary_Artery_Disease,0.07481028276414207,118
Hypertension,Irritable_Bowel_Syndrome,0.07494403649729629,115
Flu,Marfan_Syndrome,0.07510462398661698,126
Depression,Hyperthyroidism,0.07512349576315314,118
Marfan_Syndrome,Peptic_Ulcer_Disease,0.0752865206775757,133
COVID19,Depression,0.0753840862814573,125
Hypertension,Peptic_Ulcer_Disease,0.07578348776434576,137
Hyperthyroidism,Osteoarthritis,0.07582280976740209,122
COPD,Marfan_Syndrome,0.07595067129977026,127
Peptic_Ulcer_Disease,Polycystic_Ovary_Syndrome,0.07609086867092849,118
Amyotrophic_Lateral_Sclerosis,Cystic_Fibrosis,0.07610176619007569,117
Migraine,Polycystic_Ovary_Syndrome,0.07610866514174496,118
Hyperthyroidism,Pneumonia,0.07615634299949284,110
COPD,Gastritis,0.0762275126062835,121
Chronic_Kidney_Disease,Peptic_Ulcer_Disease,0.07627595281343474,120
Obesity,Osteopetrosis,0.07628318465242102,130
Polycystic_Ovary_Syndrome,Type2_Diabetes,0.07645246071916732,118
Coronary_Artery_Disease,Spinal_Muscular_Atrophy,0.07651480818223018,122
Chronic_Kidney_Disease,Ehlers_Danlos_Syndrome,0.0771338014983429,117
Ehlers_Danlos_Syndrome,Obesity,0.07728923299927354,120
COPD,Pneumonia,0.07732109646791038,120
Marfan_Syndrome,Type2_Diabetes,0.07738842730861567,125
Marfan_Syndrome,Pneumonia,0.07752151635722951,110
Asthma,Peptic_Ulcer_Disease,0.07761288431688111,109
Hypertension,Type2_Diabetes,0.07778485219254726,121
Asthma,Osteoarthritis,0.07799990212618464,113
Cystic_Fibrosis,Depression,0.07807151570230583,118
Amyotrophic_Lateral_Sclerosis,Hypertension,0.07821242384272345,112
Gastritis,Irritable_Bowel_Syndrome,0.07824653499148398,124
Hypothyroidism,Spinal_Muscular_Atrophy,0.0783494170918106,122
Depression,Marfan_Syndrome,0.07866029768695856,124
Amyotrophic_Lateral_Sclerosis,Spinal_Muscular_Atrophy,0.07886409736308317,122
Hyperthyroidism,Hypothyroidism,0.07891121462076968,116
Common_Cold,Marfan_Syndrome,0.07912677428480876,118
Asthma,Stroke,0.0792401419036901,115
Chronic_Kidney_Disease,Flu,0.07926245060331183,119
Asthma,Obesity,0.07930689152666336,123
Hyperthyroidism,Marfan_Syndrome,0.0794527141956787,116
Osteoarthritis,Type2_Diabetes,0.07961705163763633,116
Chronic_Kidney_Disease,Coronary_Artery_Disease,0.07980957293136315,116
Ehlers_Danlos_Syndrome,Osteopetrosis,0.079907962685324,126
Amyotrophic_Lateral_Sclerosis,Hypothyroidism,0.07994058229352348,118
Ehlers_Danlos_Syndrome,Hyperthyroidism,0.08022507484045267,122
Depression,Hypothyroidism,0.0802701105566818,127
Amyotrophic_Lateral_Sclerosis,Asthma,0.08056394437202624,123
Flu,Hyperthyroidism,0.08063178049847908,115
Cystic_Fibrosis,Peptic_Ulcer_Disease,0.08083390733958172,128
Irritable_Bowel_Syndrome,Marfan_Syndrome,0.0810813155564177,114
Osteoarthritis,Osteopetrosis,0.08117640288673673,116
Chronic_Kidney_Disease,Type2_Diabetes,0.08120957289120175,111
Gastritis,Polycystic_Ovary_Syndrome,0.08123272335153361,121
Coronary_Artery_Disease,Ehlers_Danlos_Syndrome,0.0813693162457094,123
Common_Cold,Type2_Diabetes,0.08145915279064614,115
COPD,Migraine,0.08151932822387377,105
Pneumonia,Polycystic_Ovary_Syndrome,0.0815795139978478,120
Flu,Peptic_Ulcer_Disease,0.081654855037044,133
Ehlers_Danlos_Syndrome,Marfan_Syndrome,0.08188829435856784,125
Gastritis,Migraine,0.08189093798595289,113
Coronary_Artery_Disease,Hyperthyroidism,0.08189630087148775,108
Common_Cold,Gastritis,0.08242405827130493,119
COPD,Common_Cold,0.08269620053026443,108
Ehlers_Danlos_Syndrome,Flu,0.08282353451613333,113
Depression,Spinal_Muscular_Atrophy,0.08296548053621008,120
Flu,Hypothyroidism,0.08300195986338568,128
COPD,Peptic_Ulcer_Disease,0.08304077410522732,131
Hyperthyroidism,Type2_Diabetes,0.08306655779773037,104
COPD,Polycystic_Ovary_Syndrome,0.08309530554257705,102
Hyperthyroidism,Spinal_Muscular_Atrophy,0.08309635350853137,115
Obesity,Type2_Diabetes,0.08318312285175328,111
Chronic_Kidney_Disease,Hypothyroidism,0.08326476115742143,104
Migraine,Pneumonia,0.08350797334280977,125
Asthma,Hypertension,0.08382929531052752,107
Amyotrophic_Lateral_Sclerosis,Common_Cold,0.08434622581374787,118
Common_Cold,Irritable_Bowel_Syndrome,0.08444336917871227,110
Cystic_Fibrosis,Flu,0.08446640500887768,110
Gastritis,Osteoarthritis,0.08449675525711185,120
Asthma,Marfan_Syndrome,0.08451326918901635,117
Hypertension,Spinal_Muscular_Atrophy,0.08454817557113083,111
Hypertension,Obesity,0.0845626966509479,110
COVID19,Ehlers_Danlos_Syndrome,0.08470003090764833,116
Common_Cold,Ehlers_Danlos_Syndrome,0.08517236238767915,114
Hyperthyroidism,Peptic_Ulcer_Disease,0.08519490856624402,132
Cystic_Fibrosis,Osteopetrosis,0.08539175534184126,116
Depression,Migraine,0.08543681627518855,121
Hyperthyroidism,Polycystic_Ovary_Syndrome,0.08592408573790707,109
Coronary_Artery_Disease,Depression,0.08601939993627773,118
Coronary_Artery_Disease,Polycystic_Ovary_Syndrome,0.08607392121678904,103
Amyotrophic_Lateral_Sclerosis,Chronic_Kidney_Disease,0.08612729085086937,107
Polycystic_Ovary_Syndrome,Spinal_Muscular_Atrophy,0.08621562683428809,113
Chronic_Kidney_Disease,Polycystic_Ovary_Syndrome,0.08629139972417112,107
COVID19,Common_Cold,0.08635122113648638,104
Coronary_Artery_Disease,Cystic_Fibrosis,0.08640507070415905,111
Hypertension,Pneumonia,0.08643192021708887,106
Cystic_Fibrosis,Migraine,0.0864975245964525,113
Common_Cold,Hyperthyroidism,0.08653160788049105,109
Osteoarthritis,Polycystic_Ovary_Syndrome,0.08667497697144459,113
COVID19,Spinal_Muscular_Atrophy,0.08670958927526776,114
Hypothyroidism,Osteoarthritis,0.08708360035167041,108
Coronary_Artery_Disease,Osteoarthritis,0.08739043029408528,111
Ehlers_Danlos_Syndrome,Migraine,0.08739498469894245,117
Coronary_Artery_Disease,Marfan_Syndrome,0.08756081791552424,110
Pneumonia,Spinal_Muscular_Atrophy,0.08756608640896572,124
Amyotrophic_Lateral_Sclerosis,COVID19,0.0875682276913683,107
Migraine,Type2_Diabetes,0.08767295802424607,104
Hypertension,Osteopetrosis,0.08772913179111719,109
Cystic_Fibrosis,Polycystic_Ovary_Syndrome,0.08819443802622945,103
Common_Cold,Spinal_Muscular_Atrophy,0.08821261525398513,116
Irritable_Bowel_Syndrome,Spinal_Muscular_Atrophy,0.08823776695076521,106
Flu,Obesity,0.08834836644019509,102
Osteopetrosis,Spinal_Muscular_Atrophy,0.08840432724814064,125
Coronary_Artery_Disease,Osteopetrosis,0.08854358070422488,124
Common_Cold,Coronary_Artery_Disease,0.0886127373140891,117
Cystic_Fibrosis,Spinal_Muscular_Atrophy,0.0887898052408516,110
COVID19,Obesity,0.08889005383056485,100
Hypothyroidism,Peptic_Ulcer_Disease,0.08890563539223802,133
Gastritis,Spinal_Muscular_Atrophy,0.08894240269513046,108
Amyotrophic_Lateral_Sclerosis,Marfan_Syndrome,0.08901307966706301,109
Hypothyroidism,Osteopetrosis,0.08907526331902381,123
Migraine,Osteopetrosis,0.08913450127184802,123
Coronary_Artery_Disease,Irritable_Bowel_Syndrome,0.08920322513315891,106
Common_Cold,Depression,0.08923498611451118,113
Cystic_Fibrosis,Hypothyroidism,0.08928420320222626,99
Ehlers_Danlos_Syndrome,Gastritis,0.08939839350241377,114
Chronic_Kidney_Disease,Migraine,0.08951209731478804,106
Hyperthyroidism,Migraine,0.08960469901026878,95
Asthma,COPD,0.0896599863922082,108
Common_Cold,Osteoarthritis,0.08966839363816499,105
COVID19,Migraine,0.0899701977355422,101
Ehlers_Danlos_Syndrome,Hypothyroidism,0.0900745965401138,109
Depression,Pneumonia,0.0901312256378986,112
Depression,Peptic_Ulcer_Disease,0.09032656844277617,134
Asthma,Common_Cold,0.0904355456195392,106
Irritable_Bowel_Syndrome,Migraine,0.09067345614505376,102
Hypothyroidism,Pneumonia,0.09072631412526866,111
Coronary_Artery_Disease,Pneumonia,0.09073579610703389,111
Amyotrophic_Lateral_Sclerosis,Coronary_Artery_Disease,0.0911848305782033,105
Chronic_Kidney_Disease,Spinal_Muscular_Atrophy,0.09123929688176025,107
Asthma,Gastritis,0.09131632121594718,103
Amyotrophic_Lateral_Sclerosis,Pneumonia,0.09144334039664288,111
Flu,Gastritis,0.09145534775918346,124
Flu,Spinal_Muscular_Atrophy,0.0915329125763005,114
Depression,Gastritis,0.0915795359331885,119
Marfan_Syndrome,Migraine,0.09170662029245291,105
Ehlers_Danlos_Syndrome,Spinal_Muscular_Atrophy,0.09179907595221996,111
COPD,Type2_Diabetes,0.0919710289837541,110
Amyotrophic_Lateral_Sclerosis,Peptic_Ulcer_Disease,0.09243231315435872,126
Migraine,Obesity,0.09266068263616893,124
Marfan_Syndrome,Obesity,0.09276076119060306,104
Irritable_Bowel_Syndrome,Peptic_Ulcer_Disease,0.09282839328407677,109
Gastritis,Gaucher_Disease,0.09309929778960667,108
Coronary_Artery_Disease,Flu,0.09321469685316518,115
Gastritis,Type2_Diabetes,0.09329374686252362,111
Gastritis,Peptic_Ulcer_Disease,0.09342298849632068,119
Flu,Polycystic_Ovary_Syndrome,0.09348897761429299,115
Amyotrophic_Lateral_Sclerosis,Type2_Diabetes,0.09357094119479678,103
Asthma,Flu,0.09450727903147763,98
Coronary_Artery_Disease,Gaucher_Disease,0.09466136418414074,108
Peptic_Ulcer_Disease,Spinal_Muscular_Atrophy,0.09488026056946722,122
Hypothyroidism,Type2_Diabetes,0.09521276662242743,107
Ehlers_Danlos_Syndrome,Pneumonia,0.09528051281869718,102
Migraine,Niemann_Pick_Disease,0.0954402731335464,112
Hypothyroidism,Irritable_Bowel_Syndrome,0.0955005974109734,95
Common_Cold,Polycystic_Ovary_Syndrome,0.09573738878069271,104
Asthma,Depression,0.0957409296623092,103
Osteoarthritis,Spinal_Muscular_Atrophy,0.09598695368682506,103
Generalized_Anxiety_Disorder,Pneumonia,0.0962942920800091,103
Asthma,Hypothyroidism,0.09659958937698906,101
Chronic_Kidney_Disease,Osteopetrosis,0.09668310747490265,109
Flu,Migraine,0.09677253184384041,108
Marfan_Syndrome,Spinal_Muscular_Atrophy,0.09712993401879183,104
Migraine,Peptic_Ulcer_Disease,0.09721232015314746,113
Obesity,Spinal_Muscular_Atrophy,0.0973736732954861,113
COVID19,Osteopetrosis,0.0976203364132002,108
Asthma,Ehlers_Danlos_Syndrome,0.0977708125861934,103
Migraine,Osteoarthritis,0.09786479040632028,98
Spinal_Muscular_Atrophy,Type2_Diabetes,0.09794784293850628,104
Amyotrophic_Lateral_Sclerosis,Gastritis,0.09845124605379549,106
Hypothyroidism,Obesity,0.09867803358488819,100
Flu,Pneumonia,0.09907257225459903,104
Asthma,Generalized_Anxiety_Disorder,0.09979392417210654,115
Asthma,Polycystic_Ovary_Syndrome,0.09992011878463289,87
Asthma,Osteopetrosis,0.10015604430703175,100
Asthma,Spinal_Muscular_Atrophy,0.10047022881664425,102
Asthma,Migraine,0.10052960400334465,92
Irritable_Bowel_Syndrome,Stroke,0.10119893557460437,96
Gaucher_Disease,Spinal_Muscular_Atrophy,0.1017579445571332,110
Irritable_Bowel_Syndrome,Polycystic_Ovary_Syndrome,0.10199880931067896,95
Stroke,Type2_Diabetes,0.10212664383832135,97
Depression,Polycystic_Ovary_Syndrome,0.10216225867067508,101
Ehlers_Danlos_Syndrome,Type2_Diabetes,0.1023470358254734,102
Marfan_Syndrome,Osteopetrosis,0.1025564803804994,98
Coronary_Artery_Disease,Niemann_Pick_Disease,0.10284186230405094,113
Ehlers_Danlos_Syndrome,Peptic_Ulcer_Disease,0.10285548646657132,118
Stroke,Systemic_Lupus_Erythematosus,0.10314894636015326,107
Flu,Type2_Diabetes,0.10318307012204964,103
Chronic_Kidney_Disease,Stroke,0.1033109787610701,112
Coronary_Artery_Disease,Peptic_Ulcer_Disease,0.10373283990180569,107
Amyotrophic_Lateral_Sclerosis,Polycystic_Ovary_Syndrome,0.10382910193255021,95
Niemann_Pick_Disease,Type2_Diabetes,0.1038729673965406,91
Common_Cold,Peptic_Ulcer_Disease,0.10400543523631668,112
COPD,Gaucher_Disease,0.10421362943123907,99
Gaucher_Disease,Migraine,0.10443894754977971,109
Osteopetrosis,Pneumonia,0.10466565192684728,112
Coronary_Artery_Disease,Obesity,0.10467932239618881,101
Niemann_Pick_Disease,Spinal_Muscular_Atrophy,0.10518690234714576,99
Gaucher_Disease,Hyperthyroidism,0.10537877985730312,86
Gastritis,Osteopetrosis,0.10556922509180977,98
Cystic_Fibrosis,Stroke,0.10557716568544995,106
Coronary_Artery_Disease,Type2_Diabetes,0.10626794383432411,96
Hyperthyroidism,Stroke,0.1063941494231483,91
Gastritis,Obesity,0.10665615847238316,92
Pneumonia,Stroke,0.1068240653949169,103
Common_Cold,Osteopetrosis,0.10694496222371817,108
Hyperthyroidism,Niemann_Pick_Disease,0.10726443993305955,99
Depression,Type2_Diabetes,0.10748551799612299,97
Ehlers_Danlos_Syndrome,Polycystic_Ovary_Syndrome,0.10767178224074776,94
Osteopetrosis,Polycystic_Ovary_Syndrome,0.10775230516609825,101
Gastritis,Niemann_Pick_Disease,0.10791912777531343,101
Asthma,Coronary_Artery_Disease,0.10835994490741024,88
Chronic_Kidney_Disease,Generalized_Anxiety_Disorder,0.10857383034372742,99
Cystic_Fibrosis,Generalized_Anxiety_Disorder,0.108788529355348,105
Osteopetrosis,Peptic_Ulcer_Disease,0.10957252775737603,121
Gaucher_Disease,Hypothyroidism,0.11017545297464164,105
Obesity,Stroke,0.1102114454758486,87
Common_Cold,Flu,0.11098629324811185,88
Generalized_Anxiety_Disorder,Stroke,0.11129196914700544,97
Obesity,Peptic_Ulcer_Disease,0.11143568438106669,108
Generalized_Anxiety_Disorder,Obesity,0.11146766788313604,103
Asthma,Niemann_Pick_Disease,0.11228955508493364,91
Generalized_Anxiety_Disorder,Type2_Diabetes,0.11267012137434965,110
Irritable_Bowel_Syndrome,Niemann_Pick_Disease,0.11352597003061143,94
Asthma,Inflammatory_Bowel_Disease,0.1139817506133057,100
Generalized_Anxiety_Disorder,Hyperthyroidism,0.11413759947977999,111
Gastritis,Stroke,0.11518713991289167,97
COPD,Niemann_Pick_Disease,0.1153382913259043,98
Generalized_Anxiety_Disorder,Peptic_Ulcer_Disease,0.11597307727963058,109
Cystic_Fibrosis,Niemann_Pick_Disease,0.11649945932956866,93
Obesity,Polycystic_Ovary_Syndrome,0.11701181248191615,87
Common_Cold,Niemann_Pick_Disease,0.11730938134306218,92
Osteopetrosis,Type2_Diabetes,0.11765845937500806,88
Common_Cold,Stroke,0.11810621131741822,97
Generalized_Anxiety_Disorder,Irritable_Bowel_Syndrome,0.11882884627904262,97
Niemann_Pick_Disease,Pneumonia,0.11896239400926147,86
Hypothyroidism,Niemann_Pick_Disease,0.11924665372941234,100
COVID19,Generalized_Anxiety_Disorder,0.12136189652345494,99
Niemann_Pick_Disease,Polycystic_Ovary_Syndrome,0.1218927624100038,97
Ehlers_Danlos_Syndrome,Niemann_Pick_Disease,0.12195539135194307,101
Osteoarthritis,Stroke,0.1225954799335792,109
Fanconi_Anemia,Hypothyroidism,0.1226821972258078,74
Fanconi_Anemia,Marfan_Syndrome,0.1229686880697582,80
Gaucher_Disease,Niemann_Pick_Disease,0.12301587301587302,99
Niemann_Pick_Disease,Obesity,0.12308611207121331,94
Inflammatory_Bowel_Disease,Stroke,0.12312705254515599,101
Inflammatory_Bowel_Disease,Type2_Diabetes,0.12324281918703071,88
Fanconi_Anemia,Hypertension,0.12334687240472055,74
Hypertension,Niemann_Pick_Disease,0.1236173048873256,94
Gaucher_Disease,Osteopetrosis,0.12389638514076297,94
Amyotrophic_Lateral_Sclerosis,Niemann_Pick_Disease,0.12397372742200327,87
Gaucher_Disease,Pneumonia,0.12430200398542962,90
Dengue,Systemic_Lupus_Erythematosus,0.12443005495743832,93
COVID19,Fanconi_Anemia,0.12444663059517953,88
Generalized_Anxiety_Disorder,Tuberculosis,0.12453973327554604,92
Gaucher_Disease,Polycystic_Ovary_Syndrome,0.12528840890909856,91
COVID19,Stroke,0.1262143384161338,96
Cirrhosis,Ulcerative_Colitis,0.12661923006750592,93
COVID19,Gaucher_Disease,0.12669308893675807,85
Generalized_Anxiety_Disorder,Osteoarthritis,0.12682726783640863,96
Depression,Epilepsy,0.12698050458693871,114
Fanconi_Anemia,Gastritis,0.12710085941006027,86
Amyotrophic_Lateral_Sclerosis,Stroke,0.12767959770114942,85
Chronic_Kidney_Disease,Fanconi_Anemia,0.12780478877324808,75
Fanconi_Anemia,Migraine,0.12783972039676092,81
Chronic_Kidney_Disease,Niemann_Pick_Disease,0.12809032810137805,83
Amyotrophic_Lateral_Sclerosis,Gaucher_Disease,0.12831417624521074,91
Common_Cold,Fanconi_Anemia,0.12883741492402276,63
Chronic_Kidney_Disease,Gaucher_Disease,0.1289113187581388,86
Niemann_Pick_Disease,Stroke,0.12895114942528735,87
Depression,Gaucher_Disease,0.12911472958049194,93
Tuberculosis,Type2_Diabetes,0.12948659169744214,108
Coronary_Artery_Disease,Fanconi_Anemia,0.1295035779290398,80
Gastritis,Generalized_Anxiety_Disorder,0.13003376502486264,92
Epilepsy,Flu,0.13031672935642383,113
Gaucher_Disease,Hypertension,0.1306398258065867,86
Hyperthyroidism,Systemic_Lupus_Erythematosus,0.13064323449739748,102
Asthma,Dengue,0.13096806016007784,94
Common_Cold,Crohn_Disease,0.13124832932371022,73
Common_Cold,Generalized_Anxiety_Disorder,0.13149659046759457,91
Hypertension,Stroke,0.13150619115912596,88
Niemann_Pick_Disease,Osteopetrosis,0.13155922038980508,92
Marfan_Syndrome,Stroke,0.13176897542608004,100
COVID19,Niemann_Pick_Disease,0.13187415848677447,84
Fanconi_Anemia,Polycystic_Ovary_Syndrome,0.1325028419856006,83
Cystic_Fibrosis,Gaucher_Disease,0.13291982057751614,79
Fanconi_Anemia,Osteoarthritis,0.132975081408639,79
Ehlers_Danlos_Syndrome,Gaucher_Disease,0.13386015325670497,94
Dengue,Stroke,0.13421230561189992,89
Crohn_Disease,Hypothyroidism,0.1352401636377296,73
Gaucher_Disease,Marfan_Syndrome,0.13575108997225527,87
Pneumonia,Systemic_Lupus_Erythematosus,0.13584877436532003,104
Cirrhosis,Obesity,0.13597190326268163,82
COPD,Stroke,0.13603566845218168,76
Gaucher_Disease,Irritable_Bowel_Syndrome,0.13626532535202715,74
Depression,Stroke,0.13677521765291417,85
Asthma,Systemic_Lupus_Erythematosus,0.13686773599251031,80
Ehlers_Danlos_Syndrome,Stroke,0.1369133141762452,86
Epilepsy,Hyperthyroidism,0.13731897328010995,103
Common_Cold,Gaucher_Disease,0.1373570072447378,89
Cystic_Fibrosis,Fanconi_Anemia,0.13768573030557893,74
Ehlers_Danlos_Syndrome,Fanconi_Anemia,0.13769157088122608,86
Marfan_Syndrome,Niemann_Pick_Disease,0.13790272351508975,75
Depression,Niemann_Pick_Disease,0.13877539903034264,91
Inflammatory_Bowel_Disease,Irritable_Bowel_Syndrome,0.1387909059988459,93
Fanconi_Anemia,Type2_Diabetes,0.1388311141241748,77
Flu,Gaucher_Disease,0.13894562590946108,86
Fanconi_Anemia,Pneumonia,0.1390131016426178,66
Crohn_Disease,Hypertension,0.13909302179511338,73
Pneumonia,Tuberculosis,0.13917064755617758,96
Chronic_Kidney_Disease,Systemic_Lupus_Erythematosus,0.13918480862892696,112
Chronic_Kidney_Disease,Epilepsy,0.140127080494188,115
Dengue,Type2_Diabetes,0.14017308682824414,83
Systemic_Lupus_Erythematosus,Type2_Diabetes,0.14036891015585293,84
COPD,Generalized_Anxiety_Disorder,0.14066378282499017,89
Flu,Stroke,0.14073951700108137,90
Niemann_Pick_Disease,Osteoarthritis,0.14122069057939537,84
Fanconi_Anemia,Spinal_Muscular_Atrophy,0.14131169709263017,74
Dengue,Inflammatory_Bowel_Disease,0.14150487781319424,90
Dengue,Generalized_Anxiety_Disorder,0.1423045443222661,89
Peptic_Ulcer_Disease,Stroke,0.14238027969217312,78
Cystic_Fibrosis,Systemic_Lupus_Erythematosus,0.14273558186510246,97
Epilepsy,Irritable_Bowel_Syndrome,0.1429103362041591,88
COPD,Fanconi_Anemia,0.1430560205334226,68
Amyotrophic_Lateral_Sclerosis,Generalized_Anxiety_Disorder,0.14325468844525102,104
Hypertension,Inflammatory_Bowel_Disease,0.1436138553153816,98
Gaucher_Disease,Osteoarthritis,0.14380530575862788,77
Generalized_Anxiety_Disorder,Systemic_Lupus_Erythematosus,0.14381466486729647,98
COPD,Chronic_Liver_Disease,0.1439376185693561,92
Cirrhosis,Depression,0.14415853253898683,97
Hypothyroidism,Stroke,0.14435045177945788,80
Depression,Fanconi_Anemia,0.14441605134528815,75
Gaucher_Disease,Peptic_Ulcer_Disease,0.14443570981050444,85
Fanconi_Anemia,Flu,0.1445258787563245,81
Niemann_Pick_Disease,Systemic_Lupus_Erythematosus,0.1446360153256705,78
Gastritis,Systemic_Lupus_Erythematosus,0.14477290155505548,112
Epilepsy,Osteoarthritis,0.14483936015926668,111
Chronic_Kidney_Disease,Chronic_Liver_Disease,0.14489204426426885,89
Dengue,Tuberculosis,0.14519693621143773,87
Asthma,Gaucher_Disease,0.14536590982899408,67
Obesity,Systemic_Lupus_Erythematosus,0.1457394117348363,84
Generalized_Anxiety_Disorder,Marfan_Syndrome,0.14582472828921292,88
Crohn_Disease,Migraine,0.14613330379777992,87
Amyotrophic_Lateral_Sclerosis,Inflammatory_Bowel_Disease,0.14617405582922827,88
Fanconi_Anemia,Peptic_Ulcer_Disease,0.14641479397428472,69
Crohn_Disease,Fanconi_Anemia,0.14655172413793102,97
Epilepsy,Osteopetrosis,0.1468193498878976,98
Epilepsy,Obesity,0.14682933681218083,99
Migraine,Stroke,0.14694976186960051,77
Niemann_Pick_Disease,Peptic_Ulcer_Disease,0.14711562872758244,79
Common_Cold,Systemic_Lupus_Erythematosus,0.14724055682355602,96
Fanconi_Anemia,Hyperthyroidism,0.14757580035700954,75
Common_Cold,Inflammatory_Bowel_Disease,0.14758203571355133,82
Systemic_Lupus_Erythematosus,Tuberculosis,0.1476316472456462,76
Spinal_Muscular_Atrophy,Stroke,0.14768213319810683,75
Epilepsy,Gastritis,0.14791312402890422,112
Amyotrophic_Lateral_Sclerosis,Fanconi_Anemia,0.1481609195402299,73
Osteopetrosis,Stroke,0.1482852323838081,68
Inflammatory_Bowel_Disease,Peptic_Ulcer_Disease,0.1483534886653348,89
COPD,Cirrhosis,0.14843798435194483,97
Asthma,Fanconi_Anemia,0.14855127613464927,79
Flu,Niemann_Pick_Disease,0.14862429412471462,83
Inflammatory_Bowel_Disease,Systemic_Lupus_Erythematosus,0.14905688181550253,82
Fanconi_Anemia,Irritable_Bowel_Syndrome,0.14910076547673184,69
COPD,Epilepsy,0.14930471325958325,103
Dengue,Peptic_Ulcer_Disease,0.14950108280873375,95
Cystic_Fibrosis,Inflammatory_Bowel_Disease,0.14977071568745243,86
Gaucher_Disease,Type2_Diabetes,0.14979570404401416,70
Asthma,Tuberculosis,0.1498362000588825,81
Chronic_Liver_Disease,Common_Cold,0.15007608002796458,89
Coronary_Artery_Disease,Stroke,0.150248086368963,74
Chronic_Liver_Disease,Hyperthyroidism,0.15045011224730986,79
Chronic_Liver_Disease,Pneumonia,0.15051717942045456,86
Chronic_Liver_Disease,Obesity,0.15056958977534027,83
Chronic_Kidney_Disease,Inflammatory_Bowel_Disease,0.1506560744977287,90
Dengue,Irritable_Bowel_Syndrome,0.15094525544628382,91
Irritable_Bowel_Syndrome,Systemic_Lupus_Erythematosus,0.15120344938969374,80
Peptic_Ulcer_Disease,Tuberculosis,0.151223155556724,104
Inflammatory_Bowel_Disease,Pneumonia,0.15145437665977027,82
Inflammatory_Bowel_Disease,Migraine,0.15175297025699447,83
Cirrhosis,Hyperthyroidism,0.15184141797984313,80
Inflammatory_Bowel_Disease,Niemann_Pick_Disease,0.15188834154351397,85
Chronic_Liver_Disease,Cirrhosis,0.15197956577266922,90
Gaucher_Disease,Obesity,0.15225433040939523,74
Ehlers_Danlos_Syndrome,Generalized_Anxiety_Disorder,0.15236186731195805,86
Inflammatory_Bowel_Disease,Obesity,0.15238933715729316,74
Fanconi_Anemia,Obesity,0.15279942799515817,63
Depression,Generalized_Anxiety_Disorder,0.15357605784060055,79
Inflammatory_Bowel_Disease,Osteoarthritis,0.15368691793208195,89
Polycystic_Ovary_Syndrome,Stroke,0.1539357553366174,72
COPD,Systemic_Lupus_Erythematosus,0.15397112558980655,86
Crohn_Disease,Marfan_Syndrome,0.15418152992469283,64
Dengue,Pneumonia,0.15419325560672975,85
Inflammatory_Bowel_Disease,Marfan_Syndrome,0.15446463960138157,83
Crohn_Disease,Type2_Diabetes,0.15453177209829902,78
Cirrhosis,Osteopetrosis,0.1549641845743795,94
Flu,Generalized_Anxiety_Disorder,0.15502451109551282,83
Coronary_Artery_Disease,Crohn_Disease,0.15539681352382376,80
Amyotrophic_Lateral_Sclerosis,Epilepsy,0.15553168770805856,101
Cirrhosis,Common_Cold,0.15579099239885125,93
Cirrhosis,Irritable_Bowel_Syndrome,0.1559874870647723,77
COVID19,Inflammatory_Bowel_Disease,0.15617637390285252,88
Crohn_Disease,Gastritis,0.15617696116960705,66
Cystic_Fibrosis,Dengue,0.15623402430778874,90
Coronary_Artery_Disease,Generalized_Anxiety_Disorder,0.1566029948834237,87
Crohn_Disease,Obesity,0.15676233257368516,82
Cystic_Fibrosis,Epilepsy,0.15686618073077283,102
Stroke,Tuberculosis,0.1569442657402642,74
Generalized_Anxiety_Disorder,Spinal_Muscular_Atrophy,0.15697662004910856,89
Generalized_Anxiety_Disorder,Hypertension,0.15722446832698436,81
Depression,Inflammatory_Bowel_Disease,0.15746284548376394,89
COVID19,Systemic_Lupus_Erythematosus,0.15757978906544812,97
Hyperthyroidism,Inflammatory_Bowel_Disease,0.1577364622929865,80
Chronic_Liver_Disease,Cystic_Fibrosis,0.15775862068965515,80
Chronic_Kidney_Disease,Cirrhosis,0.15785816618361492,85
Dengue,Obesity,0.1579687250179451,91
Dengue,Osteoarthritis,0.15806429157675878,100
Cirrhosis,Flu,0.15856773510263839,84
Crohn_Disease,Cystic_Fibrosis,0.15878188954303335,80
Obesity,Tuberculosis,0.1592066125329128,81
Chronic_Liver_Disease,Gastritis,0.15956829754835966,79
Cirrhosis,Hypertension,0.15974359511197653,90
COVID19,Epilepsy,0.15989083519948608,105
COVID19,Chronic_Liver_Disease,0.16008955679563072,90
Flu,Inflammatory_Bowel_Disease,0.16009852216748766,90
Ehlers_Danlos_Syndrome,Inflammatory_Bowel_Disease,0.16013273125342092,85
Generalized_Anxiety_Disorder,Migraine,0.16031729993224958,90
Gaucher_Disease,Stroke,0.16044061302681994,75
Cirrhosis,Osteoarthritis,0.16058093660070108,81
Generalized_Anxiety_Disorder,Osteopetrosis,0.16060522370393748,83
Chronic_Kidney_Disease,Crohn_Disease,0.16080558759274477,57
Amyotrophic_Lateral_Sclerosis,Systemic_Lupus_Erythematosus,0.1609342764515178,86
Asthma,Crohn_Disease,0.16101669756809786,76
Epilepsy,Pneumonia,0.1611835207475057,103
Crohn_Disease,Hyperthyroidism,0.16125136231549247,80
Generalized_Anxiety_Disorder,Niemann_Pick_Disease,0.16196525797251748,82
Crohn_Disease,Polycystic_Ovary_Syndrome,0.16214790956170266,68
Chronic_Kidney_Disease,Dengue,0.16237329963097763,91
Crohn_Disease,Ehlers_Danlos_Syndrome,0.16259578544061304,83
Spinal_Muscular_Atrophy,Systemic_Lupus_Erythematosus,0.16306496073230353,85
Crohn_Disease,Irritable_Bowel_Syndrome,0.16313737179952637,79
Generalized_Anxiety_Disorder,Multiple_Sclerosis,0.16314277071990319,75
Common_Cold,Tuberculosis,0.16319142981041984,87
Inflammatory_Bowel_Disease,Polycystic_Ovary_Syndrome,0.16320891751926234,80
Crohn_Disease,Spinal_Muscular_Atrophy,0.16328600405679514,76
Crohn_Disease,Pneumonia,0.16329699003878623,72
Generalized_Anxiety_Disorder,Polycystic_Ovary_Syndrome,0.16331063068812615,74
COVID19,Tuberculosis,0.1633224636186066,101
Inflammatory_Bowel_Disease,Spinal_Muscular_Atrophy,0.16347918477735923,83
Hypothyroidism,Inflammatory_Bowel_Disease,0.16352699212739782,73
COPD,Crohn_Disease,0.16360618234572036,77
Chronic_Liver_Disease,Depression,0.1644916232103681,83
Chronic_Kidney_Disease,Tuberculosis,0.16467056280576992,86
Cirrhosis,Cystic_Fibrosis,0.1647237018347195,72
Migraine,Systemic_Lupus_Erythematosus,0.1648716560294497,91
Chronic_Liver_Disease,Hypertension,0.16492124308216263,81
Ehlers_Danlos_Syndrome,Epilepsy,0.16495901639344263,90
Cystic_Fibrosis,Tuberculosis,0.16499138035641808,79
Cirrhosis,Epilepsy,0.16524297050017794,85
Chronic_Liver_Disease,Hypothyroidism,0.16552407100074445,87
COVID19,Dengue,0.16566593732155074,90
Generalized_Anxiety_Disorder,Hypothyroidism,0.16576368287695287,79
Hypothyroidism,Systemic_Lupus_Erythematosus,0.16593589717321966,88
Chronic_Liver_Disease,Gaucher_Disease,0.16609195402298854,88
Epilepsy,Stroke,0.1665665630299604,90
COVID19,Crohn_Disease,0.16694370473395864,69
Chronic_Liver_Disease,Marfan_Syndrome,0.1674990091161316,86
Amyotrophic_Lateral_Sclerosis,Crohn_Disease,0.16793103448275865,76
Fanconi_Anemia,Osteopetrosis,0.16804097951024488,66
Gaucher_Disease,Systemic_Lupus_Erythematosus,0.1682139699381079,90
Osteoarthritis,Systemic_Lupus_Erythematosus,0.16842198428615587,95
Fanconi_Anemia,Niemann_Pick_Disease,0.1687192118226601,74
Multiple_Sclerosis,Tuberculosis,0.1687324869903357,74
Cirrhosis,Hypothyroidism,0.16887946401130988,95
Coronary_Artery_Disease,Systemic_Lupus_Erythematosus,0.16943602146309902,88
Cirrhosis,Ehlers_Danlos_Syndrome,0.16993933588761176,83
Dengue,Niemann_Pick_Disease,0.17014391963682027,74
Fanconi_Anemia,Gaucher_Disease,0.17049808429118773,92
Chronic_Liver_Disease,Generalized_Anxiety_Disorder,0.1705989110707804,77
Chronic_Liver_Disease,Ehlers_Danlos_Syndrome,0.17064176245210727,85
Gastritis,Inflammatory_Bowel_Disease,0.17071598481959652,82
Epilepsy,Hypertension,0.17104592815917483,100
Common_Cold,Epilepsy,0.17144425309266834,104
Chronic_Liver_Disease,Osteoarthritis,0.17162962843156282,74
Cirrhosis,Pneumonia,0.171659960358134,71
Chronic_Liver_Disease,Irritable_Bowel_Syndrome,0.17174462198137327,68
COPD,Inflammatory_Bowel_Disease,0.1717661453600523,76
Epilepsy,Marfan_Syndrome,0.17200661022418884,98
Amyotrophic_Lateral_Sclerosis,Cirrhosis,0.17238825031928479,76
Dengue,Hyperthyroidism,0.17244515553596007,80
Epilepsy,Hypothyroidism,0.17258593315188933,103
Acute_Gastroenteritis,Hypothyroidism,0.1729840664931943,59
Chronic_Liver_Disease,Osteopetrosis,0.1732383808095952,78
Chronic_Liver_Disease,Coronary_Artery_Disease,0.17330765203081758,80
Acute_Gastroenteritis,Polycystic_Ovary_Syndrome,0.17339375184202768,80
Amyotrophic_Lateral_Sclerosis,Chronic_Liver_Disease,0.1735632183908046,74
Gaucher_Disease,Generalized_Anxiety_Disorder,0.17362371445856017,79
COVID19,Cirrhosis,0.17365072724063174,76
Hypertension,Systemic_Lupus_Erythematosus,0.17388567054103138,81
Crohn_Disease,Niemann_Pick_Disease,0.174055829228243,76
Osteoarthritis,Tuberculosis,0.17465232950856766,87
Inflammatory_Bowel_Disease,Osteopetrosis,0.17468051688441494,73
Cirrhosis,Marfan_Syndrome,0.17472585546307307,77
Crohn_Disease,Osteoarthritis,0.17520244333743074,65
Depression,Systemic_Lupus_Erythematosus,0.17521084987174218,84
Chronic_Liver_Disease,Migraine,0.17533042900391346,87
Depression,Psoriasis,0.17561173097208396,83
Asthma,Epilepsy,0.17576153294694855,73
Peptic_Ulcer_Disease,Systemic_Lupus_Erythematosus,0.17586177595871066,91
Amyotrophic_Lateral_Sclerosis,Dengue,0.17607843137254903,81
Coronary_Artery_Disease,Epilepsy,0.17609332876086525,97
Marfan_Syndrome,Systemic_Lupus_Erythematosus,0.17629348455745603,90
Ehlers_Danlos_Syndrome,Systemic_Lupus_Erythematosus,0.17641099322133802,81
Crohn_Disease,Osteopetrosis,0.17691154422788605,79
Polycystic_Ovary_Syndrome,Tuberculosis,0.17709515137461612,90
Acute_Gastroenteritis,Crohn_Disease,0.1772030651340996,98
Multiple_Sclerosis,Stroke,0.17750239463601533,89
Obesity,Ulcerative_Colitis,0.1781810973685812,79
Dengue,Flu,0.1783393761205071,91
Chronic_Liver_Disease,Spinal_Muscular_Atrophy,0.1783637592968222,81
Chronic_Liver_Disease,Polycystic_Ovary_Syndrome,0.17838512062649994,81
COPD,Tuberculosis,0.17885909421756302,84
Cirrhosis,Polycystic_Ovary_Syndrome,0.17897597294149017,82
Irritable_Bowel_Syndrome,Tuberculosis,0.17924257041064323,77
Crohn_Disease,Depression,0.17925166025345793,66
Inflammatory_Bowel_Disease,Tuberculosis,0.1793863196333603,70
Acute_Gastroenteritis,Migraine,0.17972384257550023,81
Epilepsy,Gaucher_Disease,0.1799353055712581,90
Niemann_Pick_Disease,Tuberculosis,0.1799990196799255,82
Dengue,Depression,0.1801588751205663,93
Flu,Psoriasis,0.18019677733723147,79
Hyperthyroidism,Tuberculosis,0.18034190138049833,74
Flu,Systemic_Lupus_Erythematosus,0.18039471508773441,89
Crohn_Disease,Peptic_Ulcer_Disease,0.18083844604951552,66
Acute_Gastroenteritis,Type2_Diabetes,0.18131293518475858,62
Epilepsy,Generalized_Anxiety_Disorder,0.18192093197002304,78
Common_Cold,Dengue,0.18198880934151465,84
Osteopetrosis,Systemic_Lupus_Erythematosus,0.1823639462320122,64
Cirrhosis,Gastritis,0.18284275450479082,78
Acute_Gastroenteritis,Hypertension,0.18324156076181702,49
Dengue,Ehlers_Danlos_Syndrome,0.18341503267973855,87
Dengue,Gastritis,0.1834339444771753,85
Generalized_Anxiety_Disorder,Inflammatory_Bowel_Disease,0.1839598997493734,75
Chronic_Liver_Disease,Stroke,0.18444683908045978,71
Marfan_Syndrome,Tuberculosis,0.18461497506522087,89
Epilepsy,Spinal_Muscular_Atrophy,0.18518641675626346,92
Fanconi_Anemia,Inflammatory_Bowel_Disease,0.18555008210180624,78
Crohn_Disease,Flu,0.18558679429158823,62
Chronic_Liver_Disease,Type2_Diabetes,0.18577073364443947,79
Cirrhosis,Psoriasis,0.18614303959131542,75
Crohn_Disease,Stroke,0.18624281609195403,61
Chronic_Liver_Disease,Flu,0.18627965343692846,73
Acute_Gastroenteritis,Asthma,0.18631718812269532,68
Dengue,Marfan_Syndrome,0.18636776946212497,82
Acute_Gastroenteritis,Hyperthyroidism,0.1865595923231895,55
Asthma,Chronic_Liver_Disease,0.18669349288727322,74
Coronary_Artery_Disease,Inflammatory_Bowel_Disease,0.18696682802075876,70
Asthma,Cirrhosis,0.18703495295215872,62
Polycystic_Ovary_Syndrome,Systemic_Lupus_Erythematosus,0.18714475179992424,79
Epilepsy,Peptic_Ulcer_Disease,0.187174581592947,104
Chronic_Kidney_Disease,Psoriasis,0.18751251752453435,59
COPD,Dengue,0.18770111660332028,86
Peptic_Ulcer_Disease,Typhoid_Fever,0.1878435567954795,50
Cirrhosis,Generalized_Anxiety_Disorder,0.18786717752234994,56
Crohn_Disease,Inflammatory_Bowel_Disease,0.18801313628899835,76
Fanconi_Anemia,Stroke,0.1882183908045977,66
Obesity,Psoriasis,0.18936280299936623,55
Acute_Gastroenteritis,Spinal_Muscular_Atrophy,0.18965517241379307,72
Hypertension,Tuberculosis,0.18989693410551248,88
Flu,Typhoid_Fever,0.19007235638858852,73
Depression,Ulcerative_Colitis,0.19072486591689075,87
Chronic_Liver_Disease,Tuberculosis,0.19178246697546752,75
Spinal_Muscular_Atrophy,Tuberculosis,0.1918248514022181,85
Dengue,Osteopetrosis,0.1925287356321839,83
Crohn_Disease,Gaucher_Disease,0.1925287356321839,82
Chronic_Liver_Disease,Fanconi_Anemia,0.1925287356321839,82
Acute_Gastroenteritis,COPD,0.1929611650485437,55
Osteoarthritis,Psoriasis,0.19330373509305385,58
Chronic_Liver_Disease,Peptic_Ulcer_Disease,0.19349906808679995,69
Migraine,Tuberculosis,0.19376351646478526,86
Epilepsy,Migraine,0.19387837996144508,93
Amyotrophic_Lateral_Sclerosis,Tuberculosis,0.19403671298679018,78
Coronary_Artery_Disease,Dengue,0.1943298001375732,87
Dengue,Hypertension,0.19438604744914945,79
Acute_Gastroenteritis,Coronary_Artery_Disease,0.19444444444444445,72
Irritable_Bowel_Syndrome,Ulcerative_Colitis,0.1948016626730412,75
Cirrhosis,Stroke,0.19484355044699872,61
Cirrhosis,Spinal_Muscular_Atrophy,0.19487641800015026,73
Chronic_Liver_Disease,Epilepsy,0.194943784938132,77
Fanconi_Anemia,Generalized_Anxiety_Disorder,0.19552329098608587,64
Dengue,Migraine,0.19593509706917542,74
Cirrhosis,Coronary_Artery_Disease,0.19616622756348995,83
Dengue,Multiple_Sclerosis,0.19638832544512058,64
Common_Cold,Ulcerative_Colitis,0.19640103280841054,88
Acute_Gastroenteritis,Common_Cold,0.19646981816187908,57
Ehlers_Danlos_Syndrome,Psoriasis,0.19659961685823757,71
Acute_Gastroenteritis,Amyotrophic_Lateral_Sclerosis,0.19701149425287354,58
Epilepsy,Ulcerative_Colitis,0.19701741635037281,84
Dengue,Spinal_Muscular_Atrophy,0.19709263015551046,73
Osteopetrosis,Psoriasis,0.19790104947526238,68
Hypothyroidism,Tuberculosis,0.1981830250880537,89
Gastritis,Tuberculosis,0.19830965252493013,84
Chronic_Liver_Disease,Systemic_Lupus_Erythematosus,0.19864426760978485,78
Irritable_Bowel_Syndrome,Psoriasis,0.19882235818807875,42
Chronic_Liver_Disease,Niemann_Pick_Disease,0.1993431855500821,73
Acute_Gastroenteritis,COVID19,0.19937600473414707,52
Flu,Ulcerative_Colitis,0.1993939151214172,81
Acute_Gastroenteritis,Irritable_Bowel_Syndrome,0.19983456496658386,53
Osteopetrosis,Ulcerative_Colitis,0.20002498750624687,86
Osteoarthritis,Typhoid_Fever,0.2003232084708115,65
Epilepsy,Polycystic_Ovary_Syndrome,0.20050701920402314,90
Common_Cold,Psoriasis,0.2005222791108918,60
Acute_Gastroenteritis,Niemann_Pick_Disease,0.2006020799124247,81
Hypertension,Ulcerative_Colitis,0.20100635778042975,78
Flu,Tuberculosis,0.20132586297556232,78
Ehlers_Danlos_Syndrome,Ulcerative_Colitis,0.20138888888888887,83
Epilepsy,Systemic_Lupus_Erythematosus,0.20148280210462235,108
Cirrhosis,Type2_Diabetes,0.20229651033107865,54
Acute_Gastroenteritis,Obesity,0.2025726069008451,68
Acute_Gastroenteritis,Cystic_Fibrosis,0.2025862068965517,47
Depression,Tuberculosis,0.2029367196317215,78
Cirrhosis,Migraine,0.20307060364654694,83
Osteoarthritis,Ulcerative_Colitis,0.2030723866825633,78
Hypertension,Psoriasis,0.20315062565863398,57
Acute_Gastroenteritis,Osteopetrosis,0.20327336331834084,59
Depression,Typhoid_Fever,0.20349061789656658,75
Epilepsy,Psoriasis,0.20396017838075498,67
Chronic_Kidney_Disease,Ulcerative_Colitis,0.2040929550960836,76
Asthma,Multiple_Sclerosis,0.20427062726756684,61
Acute_Gastroenteritis,Marfan_Syndrome,0.20445237151539172,50
Dengue,Polycystic_Ovary_Syndrome,0.20445708787493777,57
Amyotrophic_Lateral_Sclerosis,Psoriasis,0.20448275862068968,51
Epilepsy,Type2_Diabetes,0.20453650833419865,70
Psoriasis,Ulcerative_Colitis,0.20484400656814447,83
Marfan_Syndrome,Psoriasis,0.20521204914783986,52
Ehlers_Danlos_Syndrome,Tuberculosis,0.20532038085434898,80
Coronary_Artery_Disease,Tuberculosis,0.2054510713691621,89
Cirrhosis,Peptic_Ulcer_Disease,0.20609861336044355,72
COVID19,Typhoid_Fever,0.2068414268025849,57
COPD,Ulcerative_Colitis,0.20790289667926096,83
Acute_Gastroenteritis,Peptic_Ulcer_Disease,0.2082317029121138,47
Fanconi_Anemia,Systemic_Lupus_Erythematosus,0.2082964927792514,73
Acute_Gastroenteritis,Pneumonia,0.20863936582455728,52
Dengue,Hypothyroidism,0.20890787523647564,76
Acute_Gastroenteritis,Gastritis,0.20891731971973843,52
Marfan_Syndrome,Typhoid_Fever,0.20937376139516448,54
Gastritis,Psoriasis,0.2095392441445718,61
COPD,Psoriasis,0.2102025443588885,55
Gaucher_Disease,Inflammatory_Bowel_Disease,0.21031746031746032,69
Acute_Gastroenteritis,Depression,0.2105331794823542,55
Crohn_Disease,Generalized_Anxiety_Disorder,0.21073805202661824,73
Chronic_Liver_Disease,Psoriasis,0.21091954022988507,87
Acute_Gastroenteritis,Osteoarthritis,0.21135740369340034,57
Polycystic_Ovary_Syndrome,Typhoid_Fever,0.21139004673487435,70
Acute_Gastroenteritis,Flu,0.2115122752212744,50
Cystic_Fibrosis,Ulcerative_Colitis,0.2116174055829228,69
Acute_Gastroenteritis,Gaucher_Disease,0.21168582375478928,79
Acute_Gastroenteritis,Stroke,0.2122844827586207,61
Hyperthyroidism,Psoriasis,0.2123963490479567,39
Psoriasis,Stroke,0.2124640804597701,66
Stroke,Urinary_Tract_Infection,0.2124640804597701,73
Multiple_Sclerosis,Systemic_Lupus_Erythematosus,0.21253315649867371,70
Hypothyroidism,Psoriasis,0.2126351411341269,60
Fanconi_Anemia,Typhoid_Fever,0.21264367816091953,93
Fanconi_Anemia,Psoriasis,0.21264367816091953,85
Crohn_Disease,Psoriasis,0.21264367816091953,81
Cystic_Fibrosis,Psoriasis,0.21288898233809922,37
Osteopetrosis,Tuberculosis,0.21307816241133165,72
Hypertension,Typhoid_Fever,0.21351080683095003,59
Hyperthyroidism,Ulcerative_Colitis,0.21357409399621663,66
Cirrhosis,Tuberculosis,0.21396847181715942,66
Chronic_Liver_Disease,Ulcerative_Colitis,0.21412151067323482,82
Acute_Gastroenteritis,Ehlers_Danlos_Syndrome,0.21431992337164749,62
Generalized_Anxiety_Disorder,Psoriasis,0.2146098003629764,57
Cirrhosis,Multiple_Sclerosis,0.21471902937420176,77
Acute_Gastroenteritis,Inflammatory_Bowel_Disease,0.21510673234811167,67
Pneumonia,Psoriasis,0.21550130910211,50
Marfan_Syndrome,Ulcerative_Colitis,0.2155030858954759,67
Tuberculosis,Urinary_Tract_Infection,0.2155601303825699,66
COVID19,Psoriasis,0.2159469330755183,55
Asthma,Psoriasis,0.21607292737758851,39
Acute_Gastroenteritis,Chronic_Kidney_Disease,0.21663393885539367,47
Chronic_Kidney_Disease,Typhoid_Fever,0.21690654272303062,51
Hypothyroidism,Ulcerative_Colitis,0.21701512370883563,88
Cirrhosis,Gaucher_Disease,0.21711366538952742,71
Amyotrophic_Lateral_Sclerosis,Ulcerative_Colitis,0.21760262725779964,70
Gaucher_Disease,Tuberculosis,0.21886258363355635,70
Migraine,Typhoid_Fever,0.21903689482881686,75
Coronary_Artery_Disease,Typhoid_Fever,0.22016106914005037,75
Crohn_Disease,Systemic_Lupus_Erythematosus,0.2202328323017978,57
Acute_Gastroenteritis,Fanconi_Anemia,0.22030651340996166,81
Multiple_Sclerosis,Pneumonia,0.22043729085198147,61
Chronic_Liver_Disease,Crohn_Disease,0.22068965517241382,76
Inflammatory_Bowel_Disease,Multiple_Sclerosis,0.2210591133004926,73
Systemic_Lupus_Erythematosus,Urinary_Tract_Infection,0.22148541114058357,57
Coronary_Artery_Disease,Psoriasis,0.22238013314384023,69
Obesity,Urinary_Tract_Infection,0.22267059517484353,59
Irritable_Bowel_Syndrome,Typhoid_Fever,0.22267646792806634,40
Fanconi_Anemia,Tuberculosis,0.22280837193343625,58
Ehlers_Danlos_Syndrome,Typhoid_Fever,0.22294061302681992,64
COVID19,Ulcerative_Colitis,0.22294456734811569,73
Epilepsy,Niemann_Pick_Disease,0.223272048597091,71
Migraine,Psoriasis,0.2237748898569987,71
Dengue,Gaucher_Disease,0.22379986477349562,73
Multiple_Sclerosis,Obesity,0.22397332839586406,59
Psoriasis,Typhoid_Fever,0.22413793103448276,112
Psoriasis,Spinal_Muscular_Atrophy,0.22430696416497634,60
Cirrhosis,Niemann_Pick_Disease,0.22541507024265647,68
Amyotrophic_Lateral_Sclerosis,Typhoid_Fever,0.225632183908046,45
Irritable_Bowel_Syndrome,Multiple_Sclerosis,0.2256962623826806,58
Peptic_Ulcer_Disease,Psoriasis,0.22608352148916971,49
Multiple_Sclerosis,Peptic_Ulcer_Disease,0.22648659529222934,56
Pneumonia,Typhoid_Fever,0.2265078572680393,45
Cirrhosis,Crohn_Disease,0.22669220945083018,60
Epilepsy,Fanconi_Anemia,0.226775956284153,80
Gastritis,Typhoid_Fever,0.22705299911542762,63
Pneumonia,Ulcerative_Colitis,0.22707996511084183,75
Cirrhosis,Fanconi_Anemia,0.227330779054917,54
Asthma,Typhoid_Fever,0.22756906942161698,37
Common_Cold,Urinary_Tract_Infection,0.22937100322826062,56
Multiple_Sclerosis,Psoriasis,0.22940613026819923,89
Gastritis,Ulcerative_Colitis,0.22947130587267858,75
Dengue,Fanconi_Anemia,0.22954699121027725,64
Inflammatory_Bowel_Disease,Urinary_Tract_Infection,0.22988505747126436,76
Asthma,Ulcerative_Colitis,0.22997384848313104,60
Spinal_Muscular_Atrophy,Typhoid_Fever,0.23005409060175797,57
Osteopetrosis,Typhoid_Fever,0.23013493253373313,54
Hyperthyroidism,Multiple_Sclerosis,0.23043074125292742,66
Inflammatory_Bowel_Disease,Psoriasis,0.23111658456486042,81
Chronic_Kidney_Disease,Multiple_Sclerosis,0.2318917941056176,63
Multiple_Sclerosis,Type2_Diabetes,0.2328910821359696,52
Type2_Diabetes,Typhoid_Fever,0.23350896130480284,40
Hypothyroidism,Typhoid_Fever,0.234206500433681,50
Cystic_Fibrosis,Typhoid_Fever,0.23426548920661622,35
Polycystic_Ovary_Syndrome,Ulcerative_Colitis,0.23513641530882912,71
Acute_Gastroenteritis,Systemic_Lupus_Erythematosus,0.23563218390804597,56
Gaucher_Disease,Psoriasis,0.23563218390804597,86
Crohn_Disease,Urinary_Tract_Infection,0.23563218390804597,80
Coronary_Artery_Disease,Ulcerative_Colitis,0.23585925506413205,86
COPD,Typhoid_Fever,0.23594185916750365,46
Acute_Gastroenteritis,Tuberculosis,0.23606107394064166,59
Polycystic_Ovary_Syndrome,Psoriasis,0.23768788682581785,57
Cirrhosis,Systemic_Lupus_Erythematosus,0.2377198153060222,60
Psoriasis,Type2_Diabetes,0.2377861222089852,43
Chronic_Liver_Disease,Multiple_Sclerosis,0.2378352490421456,73
Amyotrophic_Lateral_Sclerosis,Urinary_Tract_Infection,0.2393103448275862,53
Stroke,Ulcerative_Colitis,0.24053263546798032,56
Type2_Diabetes,Ulcerative_Colitis,0.24084586016647277,60
Asthma,Urinary_Tract_Infection,0.24118202697195662,39
Hyperthyroidism,Typhoid_Fever,0.24138652968109786,37
Cystic_Fibrosis,Multiple_Sclerosis,0.24144939725259323,52
Depression,Urinary_Tract_Infection,0.2415229266021879,64
Acute_Gastroenteritis,Cirrhosis,0.2426564495530013,57
Common_Cold,Typhoid_Fever,0.24271585137663723,49
Crohn_Disease,Tuberculosis,0.24300909246869104,56
Fanconi_Anemia,Ulcerative_Colitis,0.24302134646962228,67
Dengue,Urinary_Tract_Infection,0.24340770791075045,69
Crohn_Disease,Ulcerative_Colitis,0.2438423645320197,67
Chronic_Liver_Disease,Inflammatory_Bowel_Disease,0.2443349753694581,68
Generalized_Anxiety_Disorder,Ulcerative_Colitis,0.24506092818252528,58
Inflammatory_Bowel_Disease,Typhoid_Fever,0.24507389162561574,78
Dengue,Epilepsy,0.24514052841788683,67
Epilepsy,Multiple_Sclerosis,0.24556403492242948,63
Type2_Diabetes,Urinary_Tract_Infection,0.24563124049733104,41
Spinal_Muscular_Atrophy,Ulcerative_Colitis,0.24572587655751954,77
Cirrhosis,Inflammatory_Bowel_Disease,0.24594052180259074,59
Migraine,Ulcerative_Colitis,0.24611027309838499,77
Acute_Gastroenteritis,Chronic_Liver_Disease,0.246360153256705,63
Migraine,Urinary_Tract_Infection,0.24658495163553126,72
Obesity,Typhoid_Fever,0.24664159388534437,41
Common_Cold,Multiple_Sclerosis,0.24697993132235316,63
Crohn_Disease,Dengue,0.2471264367816092,60
Depression,Multiple_Sclerosis,0.24805354575333327,67
Hypothyroidism,Urinary_Tract_Infection,0.24812014670026836,57
Cirrhosis,Urinary_Tract_Infection,0.2484035759897829,63
Hyperthyroidism,Urinary_Tract_Infection,0.24876977162298167,39
Flu,Multiple_Sclerosis,0.24888695315524584,65
Irritable_Bowel_Syndrome,Urinary_Tract_Infection,0.2489812114889026,39
Acute_Gastroenteritis,Urinary_Tract_Infection,0.2490421455938697,65
Pneumonia,Urinary_Tract_Infection,0.24930296287248338,50
Niemann_Pick_Disease,Urinary_Tract_Infection,0.24958949096880131,71
Multiple_Sclerosis,Osteoarthritis,0.24966798573821283,54
COPD,Urinary_Tract_Infection,0.24976844102220733,54
Epilepsy,Inflammatory_Bowel_Disease,0.25005159403124355,63
Osteopetrosis,Urinary_Tract_Infection,0.2504997501249375,60
Chronic_Liver_Disease,Urinary_Tract_Infection,0.25057471264367814,79
Niemann_Pick_Disease,Psoriasis,0.25082101806239737,64
Generalized_Anxiety_Disorder,Typhoid_Fever,0.25096793708408954,48
Hypertension,Urinary_Tract_Infection,0.25179183328797045,52
Flu,Urinary_Tract_Infection,0.25282016366961696,55
Acute_Gastroenteritis,Generalized_Anxiety_Disorder,0.2529340592861464,55
Amyotrophic_Lateral_Sclerosis,Multiple_Sclerosis,0.2531609195402299,55
COVID19,Multiple_Sclerosis,0.2535800574053029,52
Peptic_Ulcer_Disease,Ulcerative_Colitis,0.2546067922990363,63
Generalized_Anxiety_Disorder,Urinary_Tract_Infection,0.25480943738656986,56
Chronic_Kidney_Disease,Urinary_Tract_Infection,0.25518484498988236,50
Crohn_Disease,Epilepsy,0.25551158846806105,55
Osteoarthritis,Urinary_Tract_Infection,0.25605847404627896,45
Cystic_Fibrosis,Urinary_Tract_Infection,0.25676338659938325,37
Spinal_Muscular_Atrophy,Urinary_Tract_Infection,0.25693035835023664,58
Multiple_Sclerosis,Osteopetrosis,0.2581417624521073,57
Ehlers_Danlos_Syndrome,Urinary_Tract_Infection,0.2593390804597701,59
Dengue,Psoriasis,0.2601419878296146,63
COPD,Multiple_Sclerosis,0.260171855819663,55
Gastritis,Multiple_Sclerosis,0.2602286788224033,66
Dengue,Typhoid_Fever,0.26048005409060176,64
Psoriasis,Tuberculosis,0.2607222508148911,50
Psoriasis,Urinary_Tract_Infection,0.2614942528735632,93
Chronic_Liver_Disease,Dengue,0.2617308992562542,57
Multiple_Sclerosis,Urinary_Tract_Infection,0.2619731800766284,80
Multiple_Sclerosis,Niemann_Pick_Disease,0.26211001642036125,71
Gaucher_Disease,Typhoid_Fever,0.26245210727969354,82
Psoriasis,Systemic_Lupus_Erythematosus,0.26267315060418506,57
Marfan_Syndrome,Urinary_Tract_Infection,0.26317875544986125,43
Acute_Gastroenteritis,Dengue,0.2650439486139284,54
Marfan_Syndrome,Multiple_Sclerosis,0.26630003963535476,52
COVID19,Urinary_Tract_Infection,0.2673473887748698,40
Polycystic_Ovary_Syndrome,Urinary_Tract_Infection,0.26814765694076037,57
Cirrhosis,Dengue,0.26842461122379985,53
Ehlers_Danlos_Syndrome,Multiple_Sclerosis,0.26891762452107276,56
Crohn_Disease,Typhoid_Fever,0.27011494252873564,73
Hypertension,Multiple_Sclerosis,0.27028854273531117,58
Niemann_Pick_Disease,Typhoid_Fever,0.2705254515599343,64
Stroke,Typhoid_Fever,0.2708333333333333,52
Epilepsy,Tuberculosis,0.27098397216855236,64
Gaucher_Disease,Urinary_Tract_Infection,0.2710727969348659,70
Peptic_Ulcer_Disease,Urinary_Tract_Infection,0.27325350009260024,50
Niemann_Pick_Disease,Ulcerative_Colitis,0.2733990147783251,67
Gaucher_Disease,Multiple_Sclerosis,0.2734674329501916,77
Epilepsy,Typhoid_Fever,0.27386784749701654,61
Coronary_Artery_Disease,Urinary_Tract_Infection,0.2746964370309423,57
Gastritis,Urinary_Tract_Infection,0.275207070353336,47
Fanconi_Anemia,Urinary_Tract_Infection,0.27586206896551724,72
Multiple_Sclerosis,Spinal_Muscular_Atrophy,0.2761156186612576,58
Multiple_Sclerosis,Polycystic_Ovary_Syndrome,0.2772283272283273,55
Cirrhosis,Typhoid_Fever,0.27873563218390807,65
Inflammatory_Bowel_Disease,Ulcerative_Colitis,0.2799671592775041,64
Hypothyroidism,Multiple_Sclerosis,0.28021168411634945,58
Migraine,Multiple_Sclerosis,0.2808841385873801,65
Epilepsy,Urinary_Tract_Infection,0.28208027133974,57
Metabolic_Syndrome,Systemic_Lupus_Erythematosus,0.2831564986737401,52
Tuberculosis,Ulcerative_Colitis,0.2848442516481631,61
Acute_Gastroenteritis,Ulcerative_Colitis,0.2848932676518883,61
Multiple_Sclerosis,Ulcerative_Colitis,0.2861932129173509,56
Gaucher_Disease,Ulcerative_Colitis,0.2862616310892173,66
Acute_Gastroenteritis,Typhoid_Fever,0.28639846743295017,70
Acute_Gastroenteritis,Epilepsy,0.2884869040889391,51
Chronic_Liver_Disease,Typhoid_Fever,0.2913793103448276,74
Multiple_Sclerosis,Typhoid_Fever,0.2916666666666667,67
Acute_Gastroenteritis,Psoriasis,0.29214559386973177,61
Typhoid_Fever,Ulcerative_Colitis,0.29351395730706076,69
Inflammatory_Bowel_Disease,Metabolic_Syndrome,0.29474548440065684,72
Ulcerative_Colitis,Urinary_Tract_Infection,0.2955665024630542,65
Metabolic_Syndrome,Niemann_Pick_Disease,0.29638752052545153,76
Coronary_Artery_Disease,Multiple_Sclerosis,0.29769429276684867,55
Epilepsy,Metabolic_Syndrome,0.29900760002512405,58
Metabolic_Syndrome,Migraine,0.2996258829899825,87
Metabolic_Syndrome,Stroke,0.3010057471264368,51
Tuberculosis,Typhoid_Fever,0.3011236918854006,48
Crohn_Disease,Multiple_Sclerosis,0.30124521072796934,58
Dengue,Ulcerative_Colitis,0.3032454361054766,55
Systemic_Lupus_Erythematosus,Ulcerative_Colitis,0.30336617405582916,51
Coronary_Artery_Disease,Metabolic_Syndrome,0.30629939910738774,79
Acute_Gastroenteritis,Multiple_Sclerosis,0.30699233716475094,60
Amyotrophic_Lateral_Sclerosis,Metabolic_Syndrome,0.3075862068965517,55
Metabolic_Syndrome,Osteopetrosis,0.30847076461769113,62
Dengue,Metabolic_Syndrome,0.3086544962812711,56
Fanconi_Anemia,Multiple_Sclerosis,0.30986590038314177,56
Depression,Metabolic_Syndrome,0.3101442600543761,67
Gaucher_Disease,Metabolic_Syndrome,0.3113026819923371,86
Ehlers_Danlos_Syndrome,Metabolic_Syndrome,0.3115421455938697,73
Irritable_Bowel_Syndrome,Metabolic_Syndrome,0.3141225297802168,40
Metabolic_Syndrome,Spinal_Muscular_Atrophy,0.3144016227180527,65
Gastritis,Metabolic_Syndrome,0.3210906959068423,55
Flu,Metabolic_Syndrome,0.3220359912958735,49
Metabolic_Syndrome,Obesity,0.3229178101640635,52
COPD,Metabolic_Syndrome,0.3232870215377748,59
Asthma,Metabolic_Syndrome,0.3241975748448856,39
Hyperthyroidism,Metabolic_Syndrome,0.3244551540178548,39
Systemic_Lupus_Erythematosus,Typhoid_Fever,0.33208075449454755,48
Common_Cold,Metabolic_Syndrome,0.3330917278391216,61
Metabolic_Syndrome,Type2_Diabetes,0.33355931310924036,41
Hypothyroidism,Metabolic_Syndrome,0.33411873979825296,59
Cystic_Fibrosis,Metabolic_Syndrome,0.3355410709279507,37
Hypertension,Metabolic_Syndrome,0.33585969613857314,51
Fanconi_Anemia,Metabolic_Syndrome,0.33620689655172414,81
Typhoid_Fever,Urinary_Tract_Infection,0.33620689655172414,83
Metabolic_Syndrome,Osteoarthritis,0.3385211123331392,48
Chronic_Kidney_Disease,Metabolic_Syndrome,0.3388974449286472,51
Metabolic_Syndrome,Pneumonia,0.3423191376743478,50
COVID19,Metabolic_Syndrome,0.34843473491980026,41
Chronic_Liver_Disease,Metabolic_Syndrome,0.3494252873563219,72
Crohn_Disease,Metabolic_Syndrome,0.3505747126436782,80
Marfan_Syndrome,Metabolic_Syndrome,0.35156559651208874,44
Metabolic_Syndrome,Polycystic_Ovary_Syndrome,0.35235253252494636,61
Metabolic_Syndrome,Psoriasis,0.35344827586206895,87
Metabolic_Syndrome,Urinary_Tract_Infection,0.3563218390804598,80
Generalized_Anxiety_Disorder,Metabolic_Syndrome,0.3566848154869933,45
Metabolic_Syndrome,Peptic_Ulcer_Disease,0.3590131571170192,47
Metabolic_Syndrome,Typhoid_Fever,0.3649425287356322,94
Metabolic_Syndrome,Tuberculosis,0.3691027620518099,45
Acute_Gastroenteritis,Metabolic_Syndrome,0.3773946360153257,72
Cirrhosis,Metabolic_Syndrome,0.3780332056194125,59
Metabolic_Syndrome,Ulcerative_Colitis,0.3793103448275862,64
Metabolic_Syndrome,Multiple_Sclerosis,0.38745210727969354,56
